what,kind,bundleId,bundleVersion,description,time
activated,perspective,org.eclipse.cdt.ui,,"org.eclipse.cdt.ui.CPerspective",1312889647280
started,bundle,org.eclipse.osgi,3.6.1.R36x_v20100806,"org.eclipse.osgi",1312889647281
started,bundle,org.eclipse.equinox.simpleconfigurator,1.0.200.v20100503,"org.eclipse.equinox.simpleconfigurator",1312889647281
started,bundle,com.ibm.icu,4.2.1.v20100412,"com.ibm.icu",1312889647282
started,bundle,org.eclipse.core.contenttype,3.4.100.v20100505-1235,"org.eclipse.core.contenttype",1312889647282
started,bundle,org.eclipse.core.databinding.observable,1.3.0.I20100601-0800,"org.eclipse.core.databinding.observable",1312889647282
started,bundle,org.eclipse.core.expressions,3.4.200.v20100505,"org.eclipse.core.expressions",1312889647283
started,bundle,org.eclipse.core.filebuffers,3.5.100.v20100520-0800,"org.eclipse.core.filebuffers",1312889647283
started,bundle,org.eclipse.core.net,1.2.100.I20100511-0800,"org.eclipse.core.net",1312889647284
started,bundle,org.eclipse.core.runtime,3.6.0.v20100505,"org.eclipse.core.runtime",1312889647289
started,bundle,org.eclipse.core.runtime.compatibility,3.2.100.v20100505,"org.eclipse.core.runtime.compatibility",1312889647289
started,bundle,org.eclipse.core.runtime.compatibility.auth,3.2.200.v20100517,"org.eclipse.core.runtime.compatibility.auth",1312889647290
started,bundle,org.eclipse.core.variables,3.2.400.v20100505,"org.eclipse.core.variables",1312889647290
started,bundle,org.eclipse.debug.core,3.6.0.v20100519,"org.eclipse.debug.core",1312889647290
started,bundle,org.eclipse.equinox.common,3.6.0.v20100503,"org.eclipse.equinox.common",1312889647290
started,bundle,org.eclipse.equinox.event,1.2.0.v20100503,"org.eclipse.equinox.event",1312889647298
started,bundle,org.eclipse.equinox.p2.engine,2.0.0.v20100606,"org.eclipse.equinox.p2.engine",1312889647299
started,bundle,org.eclipse.equinox.p2.metadata,2.0.0.v20100601,"org.eclipse.equinox.p2.metadata",1312889647300
started,bundle,org.eclipse.equinox.p2.metadata.repository,1.1.0.v20100513,"org.eclipse.equinox.p2.metadata.repository",1312889647300
started,bundle,org.eclipse.equinox.p2.operations,2.0.0.v20100510,"org.eclipse.equinox.p2.operations",1312889647300
started,bundle,org.eclipse.equinox.p2.reconciler.dropins,1.1.0.v20100525,"org.eclipse.equinox.p2.reconciler.dropins",1312889647305
started,bundle,org.eclipse.equinox.p2.ui.sdk.scheduler,1.0.0.v20100507-1815,"org.eclipse.equinox.p2.ui.sdk.scheduler",1312889647306
started,bundle,org.eclipse.equinox.preferences,3.3.0.v20100503,"org.eclipse.equinox.preferences",1312889647306
started,bundle,org.eclipse.equinox.registry,3.5.0.v20100503,"org.eclipse.equinox.registry",1312889647306
started,bundle,org.eclipse.equinox.security,1.0.200.v20100503,"org.eclipse.equinox.security",1312889647307
started,bundle,org.eclipse.equinox.util,1.0.200.v20100503,"org.eclipse.equinox.util",1312889647308
started,bundle,org.eclipse.help,3.5.0.v20100524,"org.eclipse.help",1312889647308
started,bundle,org.eclipse.jsch.core,1.1.200.I20100505-1245,"org.eclipse.jsch.core",1312889647308
started,bundle,org.eclipse.ltk.core.refactoring,3.5.100.v20100526-0800,"org.eclipse.ltk.core.refactoring",1312889647309
started,bundle,org.eclipse.ltk.ui.refactoring,3.5.0.v20100526-0800,"org.eclipse.ltk.ui.refactoring",1312889647310
started,bundle,org.eclipse.mylyn.commons.ui,3.4.0.v20100608-0100-e3x,"org.eclipse.mylyn.commons.ui",1312889647310
started,bundle,org.eclipse.team.cvs.core,3.3.300.I20100526-0800,"org.eclipse.team.cvs.core",1312889647310
started,bundle,org.eclipse.ui.console,3.5.0.v20100526,"org.eclipse.ui.console",1312889647310
started,bundle,org.eclipse.ui.navigator,3.5.0.I20100601-0800,"org.eclipse.ui.navigator",1312889647311
started,bundle,org.eclipse.ui.net,1.2.100.I20100505-1245,"org.eclipse.ui.net",1312889647311
started,bundle,org.eclipse.ui.views,3.5.0.I20100527-0800,"org.eclipse.ui.views",1312889647311
started,bundle,org.eclipse.update.configurator,3.3.100.v20100512,"org.eclipse.update.configurator",1312889647312
started,bundle,org.eclipse.update.scheduler,3.2.300.v20100512,"org.eclipse.update.scheduler",1312889647312
started,bundle,de.innot.avreclipse.core,2.3.4.20100807PRD,"de.innot.avreclipse.core",1312889647313
started,bundle,org.eclipse.cdt.cross.arm.gnu,0.5.3.201010141144,"org.eclipse.cdt.cross.arm.gnu",1312889647317
started,bundle,org.eclipse.core.filesystem,1.3.1.R36x_v20100727-0745,"org.eclipse.core.filesystem",1312889647318
started,bundle,org.eclipse.core.jobs,3.5.1.R36x_v20100824,"org.eclipse.core.jobs",1312889647318
started,bundle,org.eclipse.core.resources,3.6.0.R36x_v20100825-0600,"org.eclipse.core.resources",1312889647318
started,bundle,org.eclipse.equinox.app,1.3.1.R36x_v20100803,"org.eclipse.equinox.app",1312889647319
started,bundle,org.eclipse.equinox.ds,1.2.1.R36x_v20100803,"org.eclipse.equinox.ds",1312889647319
started,bundle,org.eclipse.equinox.p2.core,2.0.2.R36x_v20100804,"org.eclipse.equinox.p2.core",1312889647319
started,bundle,org.eclipse.equinox.p2.directorywatcher,1.0.202.R36x_v20100727,"org.eclipse.equinox.p2.directorywatcher",1312889647320
started,bundle,org.eclipse.equinox.p2.repository,2.0.1.R36x_v20100823,"org.eclipse.equinox.p2.repository",1312889647320
started,bundle,org.eclipse.equinox.p2.updatechecker,1.1.101.R36x_v20100823,"org.eclipse.equinox.p2.updatechecker",1312889647320
started,bundle,org.eclipse.jface,3.6.1.M20100825-0800,"org.eclipse.jface",1312889647322
started,bundle,org.eclipse.mylyn.bugzilla.core,3.4.2.v20100902-0100-e3x,"org.eclipse.mylyn.bugzilla.core",1312889647322
started,bundle,org.eclipse.mylyn.bugzilla.ui,3.4.2.v20100909-0100-e3x,"org.eclipse.mylyn.bugzilla.ui",1312889647323
started,bundle,org.eclipse.mylyn.commons.net,3.4.1.v20100625-2100-e3x,"org.eclipse.mylyn.commons.net",1312889647323
started,bundle,org.eclipse.mylyn.context.core,3.4.1.v20100909-0100-e3x,"org.eclipse.mylyn.context.core",1312889647323
started,bundle,org.eclipse.mylyn.team.ui,3.4.2.v20100909-0100-e3x,"org.eclipse.mylyn.team.ui",1312889647324
started,bundle,org.eclipse.team.core,3.5.100.R36x_v20100825-0800,"org.eclipse.team.core",1312889647324
started,bundle,org.eclipse.team.cvs.ui,3.3.301.R36x_v20100825-0800,"org.eclipse.team.cvs.ui",1312889647325
started,bundle,org.eclipse.team.ui,3.5.101.R36x_v20100825-0800,"org.eclipse.team.ui",1312889647328
started,bundle,org.eclipse.ui,3.6.1.M20100826-1330,"org.eclipse.ui",1312889647329
started,bundle,org.eclipse.ui.editors,3.6.1.r361_v20100825-0800,"org.eclipse.ui.editors",1312889647329
started,bundle,org.eclipse.ui.forms,3.5.2.r36_v20100702,"org.eclipse.ui.forms",1312889647330
started,bundle,org.eclipse.ui.ide,3.6.1.M20100825-0800,"org.eclipse.ui.ide",1312889647330
started,bundle,org.eclipse.ui.navigator.resources,3.4.201.M20100707-0800,"org.eclipse.ui.navigator.resources",1312889647331
started,bundle,org.eclipse.ui.workbench,3.6.1.M20100826-1330,"org.eclipse.ui.workbench",1312889647331
started,bundle,org.eclipse.ui.workbench.texteditor,3.6.1.r361_v20100714-0800,"org.eclipse.ui.workbench.texteditor",1312889647332
started,bundle,org.eclipse.update.core,3.2.402.R36x_v20100629,"org.eclipse.update.core",1312889647333
started,bundle,org.eclipse.cdt.core,5.2.1.201102110609,"org.eclipse.cdt.core",1312889647333
started,bundle,org.eclipse.cdt.make.core,7.0.1.201102110609,"org.eclipse.cdt.make.core",1312889647335
started,bundle,org.eclipse.cdt.make.ui,7.0.0.201102110609,"org.eclipse.cdt.make.ui",1312889647335
started,bundle,org.eclipse.cdt.managedbuilder.core,7.0.2.201102110609,"org.eclipse.cdt.managedbuilder.core",1312889647336
started,bundle,org.eclipse.cdt.ui,5.2.2.201102110609,"org.eclipse.cdt.ui",1312889647337
started,bundle,org.eclipse.dltk.core,2.0.0.v20100603-0936,"org.eclipse.dltk.core",1312889647338
started,bundle,org.eclipse.dltk.launching,2.0.0.v20100524-0038,"org.eclipse.dltk.launching",1312889647348
started,bundle,org.eclipse.dltk.rse.core,2.0.0.v20100115-2213,"org.eclipse.dltk.rse.core",1312889647349
started,bundle,org.eclipse.dltk.rse.ui,2.0.0.v20100115-2213,"org.eclipse.dltk.rse.ui",1312889647349
started,bundle,org.eclipse.dltk.ui,2.0.0.v20100603-0936,"org.eclipse.dltk.ui",1312889647350
started,bundle,org.eclipse.epp.usagedata.gathering,1.3.1.R201102081640,"org.eclipse.epp.usagedata.gathering",1312889647350
started,bundle,org.eclipse.epp.usagedata.recording,1.3.1.R201102081640,"org.eclipse.epp.usagedata.recording",1312889647350
started,bundle,org.eclipse.jdt.core,3.6.2.v_A76_R36x,"org.eclipse.jdt.core",1312889647351
started,bundle,org.eclipse.jdt.core.manipulation,1.3.0.v20100520-0800,"org.eclipse.jdt.core.manipulation",1312889647355
started,bundle,org.eclipse.jdt.ui,3.6.2.r362_v20110203,"org.eclipse.jdt.ui",1312889647357
started,bundle,org.eclipse.mylyn.context.ui,3.4.2.v20110131-0100-e3x,"org.eclipse.mylyn.context.ui",1312889647358
started,bundle,org.eclipse.mylyn.monitor.ui,3.4.1.v20110131-0100-e3x,"org.eclipse.mylyn.monitor.ui",1312889647358
started,bundle,org.eclipse.mylyn.tasks.ui,3.4.3.v20110131-0100-e3x,"org.eclipse.mylyn.tasks.ui",1312889647372
started,bundle,org.eclipse.rse.core,3.1.102.R32x_v201102011435,"org.eclipse.rse.core",1312889647386
started,bundle,org.eclipse.rse.services,3.2.2.R32x_v201102011435,"org.eclipse.rse.services",1312889647414
started,bundle,org.eclipse.rse.ui,3.1.102.R32x_v201102011435,"org.eclipse.rse.ui",1312889647443
os,sysinfo,,,"linux",1312889647446
arch,sysinfo,,,"x86",1312889647446
ws,sysinfo,,,"gtk",1312889647446
locale,sysinfo,,,"en_US",1312889647446
processors,sysinfo,,,"1",1312889647446
java.runtime.name,sysinfo,,,"OpenJDK Runtime Environment",1312889647446
java.runtime.version,sysinfo,,,"1.6.0_20-b20",1312889647446
java.specification.name,sysinfo,,,"Java Platform API Specification",1312889647446
java.specification.vendor,sysinfo,,,"Sun Microsystems Inc.",1312889647446
java.specification.version,sysinfo,,,"1.6",1312889647446
java.vendor,sysinfo,,,"Sun Microsystems Inc.",1312889647446
java.version,sysinfo,,,"1.6.0_20",1312889647446
java.vm.info,sysinfo,,,"mixed mode, sharing",1312889647446
java.vm.name,sysinfo,,,"OpenJDK Client VM",1312889647446
java.vm.specification.name,sysinfo,,,"Java Virtual Machine Specification",1312889647446
java.vm.specification.vendor,sysinfo,,,"Sun Microsystems Inc.",1312889647446
java.vm.specification.version,sysinfo,,,"1.0",1312889647446
java.vm.vendor,sysinfo,,,"Sun Microsystems Inc.",1312889647446
java.vm.version,sysinfo,,,"19.0-b09",1312889647446
started,bundle,org.eclipse.epp.usagedata.ui,1.3.1.R201102081640,"org.eclipse.epp.usagedata.ui",1312889648471
deactivated,workbench,org.eclipse.ui.workbench,3.6.1.M20100826-1330,"",1312889649111
activated,workbench,org.eclipse.ui.workbench,3.6.1.M20100826-1330,"",1312889686725
deactivated,workbench,org.eclipse.ui.workbench,3.6.1.M20100826-1330,"",1312889693342
started,bundle,org.eclipse.ui.externaltools,3.2.0.v20100427,"org.eclipse.ui.externaltools",1312889695877
started,bundle,org.eclipse.debug.ui,3.6.1.v20100901_r361,"org.eclipse.debug.ui",1312889696529
started,bundle,org.eclipse.core.externaltools,1.0.1.v20100831_r361,"org.eclipse.core.externaltools",1312889696622
started,bundle,org.eclipse.cdt.managedbuilder.ui,7.0.0.201102110609,"org.eclipse.cdt.managedbuilder.ui",1312889697972
executed,command,org.eclipse.ui.ide,3.6.1.M20100825-0800,"org.eclipse.ui.project.properties",1312889705624
activated,workbench,org.eclipse.ui.workbench,3.6.1.M20100826-1330,"",1312889705638
started,bundle,org.eclipse.compare.core,3.5.100.I20100526-0800,"org.eclipse.compare.core",1312889717015
opened,editor,org.eclipse.ui.editors,3.6.1.r361_v20100825-0800,"org.eclipse.ui.DefaultTextEditor",1312889717048
activated,editor,org.eclipse.ui.editors,3.6.1.r361_v20100825-0800,"org.eclipse.ui.DefaultTextEditor",1312889717114
activated,view,org.eclipse.ui.navigator.resources,3.4.201.M20100707-0800,"org.eclipse.ui.navigator.ProjectExplorer",1312889717145
activated,editor,org.eclipse.ui.editors,3.6.1.r361_v20100825-0800,"org.eclipse.ui.DefaultTextEditor",1312889722672
activated,view,org.eclipse.ui.navigator.resources,3.4.201.M20100707-0800,"org.eclipse.ui.navigator.ProjectExplorer",1312889722714
closed,editor,org.eclipse.ui.editors,3.6.1.r361_v20100825-0800,"org.eclipse.ui.DefaultTextEditor",1312889722716
started,bundle,org.eclipse.search,3.6.0.v20100520-0800,"org.eclipse.search",1312889725602
opened,editor,org.eclipse.cdt.ui,5.2.2.201102110609,"org.eclipse.cdt.ui.editor.CEditor",1312889725995
activated,perspective,org.eclipse.cdt.ui,,"org.eclipse.cdt.ui.CPerspective",1313065108469
started,bundle,org.eclipse.osgi,3.6.1.R36x_v20100806,"org.eclipse.osgi",1313065108471
started,bundle,org.eclipse.equinox.simpleconfigurator,1.0.200.v20100503,"org.eclipse.equinox.simpleconfigurator",1313065108472
started,bundle,com.ibm.icu,4.2.1.v20100412,"com.ibm.icu",1313065108477
started,bundle,org.eclipse.core.contenttype,3.4.100.v20100505-1235,"org.eclipse.core.contenttype",1313065108483
started,bundle,org.eclipse.core.databinding.observable,1.3.0.I20100601-0800,"org.eclipse.core.databinding.observable",1313065108493
started,bundle,org.eclipse.core.expressions,3.4.200.v20100505,"org.eclipse.core.expressions",1313065108501
started,bundle,org.eclipse.core.filebuffers,3.5.100.v20100520-0800,"org.eclipse.core.filebuffers",1313065108512
started,bundle,org.eclipse.core.net,1.2.100.I20100511-0800,"org.eclipse.core.net",1313065108514
started,bundle,org.eclipse.core.runtime,3.6.0.v20100505,"org.eclipse.core.runtime",1313065108515
started,bundle,org.eclipse.core.runtime.compatibility,3.2.100.v20100505,"org.eclipse.core.runtime.compatibility",1313065108519
started,bundle,org.eclipse.core.runtime.compatibility.auth,3.2.200.v20100517,"org.eclipse.core.runtime.compatibility.auth",1313065108525
started,bundle,org.eclipse.core.variables,3.2.400.v20100505,"org.eclipse.core.variables",1313065108525
started,bundle,org.eclipse.debug.core,3.6.0.v20100519,"org.eclipse.debug.core",1313065108531
started,bundle,org.eclipse.equinox.common,3.6.0.v20100503,"org.eclipse.equinox.common",1313065108540
started,bundle,org.eclipse.equinox.event,1.2.0.v20100503,"org.eclipse.equinox.event",1313065108541
started,bundle,org.eclipse.equinox.p2.engine,2.0.0.v20100606,"org.eclipse.equinox.p2.engine",1313065108556
started,bundle,org.eclipse.equinox.p2.metadata,2.0.0.v20100601,"org.eclipse.equinox.p2.metadata",1313065108563
started,bundle,org.eclipse.equinox.p2.metadata.repository,1.1.0.v20100513,"org.eclipse.equinox.p2.metadata.repository",1313065108574
started,bundle,org.eclipse.equinox.p2.operations,2.0.0.v20100510,"org.eclipse.equinox.p2.operations",1313065108575
started,bundle,org.eclipse.equinox.p2.reconciler.dropins,1.1.0.v20100525,"org.eclipse.equinox.p2.reconciler.dropins",1313065108580
started,bundle,org.eclipse.equinox.p2.ui.sdk.scheduler,1.0.0.v20100507-1815,"org.eclipse.equinox.p2.ui.sdk.scheduler",1313065108581
started,bundle,org.eclipse.equinox.preferences,3.3.0.v20100503,"org.eclipse.equinox.preferences",1313065108593
started,bundle,org.eclipse.equinox.registry,3.5.0.v20100503,"org.eclipse.equinox.registry",1313065108601
started,bundle,org.eclipse.equinox.security,1.0.200.v20100503,"org.eclipse.equinox.security",1313065108608
started,bundle,org.eclipse.equinox.util,1.0.200.v20100503,"org.eclipse.equinox.util",1313065108622
started,bundle,org.eclipse.help,3.5.0.v20100524,"org.eclipse.help",1313065108626
started,bundle,org.eclipse.jsch.core,1.1.200.I20100505-1245,"org.eclipse.jsch.core",1313065108627
started,bundle,org.eclipse.ltk.core.refactoring,3.5.100.v20100526-0800,"org.eclipse.ltk.core.refactoring",1313065108638
started,bundle,org.eclipse.ltk.ui.refactoring,3.5.0.v20100526-0800,"org.eclipse.ltk.ui.refactoring",1313065108645
started,bundle,org.eclipse.mylyn.commons.ui,3.4.0.v20100608-0100-e3x,"org.eclipse.mylyn.commons.ui",1313065108660
started,bundle,org.eclipse.team.cvs.core,3.3.300.I20100526-0800,"org.eclipse.team.cvs.core",1313065108673
started,bundle,org.eclipse.ui.console,3.5.0.v20100526,"org.eclipse.ui.console",1313065108680
started,bundle,org.eclipse.ui.navigator,3.5.0.I20100601-0800,"org.eclipse.ui.navigator",1313065108685
started,bundle,org.eclipse.ui.net,1.2.100.I20100505-1245,"org.eclipse.ui.net",1313065108686
started,bundle,org.eclipse.ui.views,3.5.0.I20100527-0800,"org.eclipse.ui.views",1313065108689
started,bundle,org.eclipse.update.configurator,3.3.100.v20100512,"org.eclipse.update.configurator",1313065108700
started,bundle,org.eclipse.update.scheduler,3.2.300.v20100512,"org.eclipse.update.scheduler",1313065108706
started,bundle,de.innot.avreclipse.core,2.3.4.20100807PRD,"de.innot.avreclipse.core",1313065108716
started,bundle,org.eclipse.cdt.cross.arm.gnu,0.5.3.201010141144,"org.eclipse.cdt.cross.arm.gnu",1313065108734
started,bundle,org.eclipse.core.filesystem,1.3.1.R36x_v20100727-0745,"org.eclipse.core.filesystem",1313065108735
started,bundle,org.eclipse.core.jobs,3.5.1.R36x_v20100824,"org.eclipse.core.jobs",1313065108740
started,bundle,org.eclipse.core.resources,3.6.0.R36x_v20100825-0600,"org.eclipse.core.resources",1313065108748
started,bundle,org.eclipse.equinox.app,1.3.1.R36x_v20100803,"org.eclipse.equinox.app",1313065108756
started,bundle,org.eclipse.equinox.ds,1.2.1.R36x_v20100803,"org.eclipse.equinox.ds",1313065108768
started,bundle,org.eclipse.equinox.p2.core,2.0.2.R36x_v20100804,"org.eclipse.equinox.p2.core",1313065108768
started,bundle,org.eclipse.equinox.p2.directorywatcher,1.0.202.R36x_v20100727,"org.eclipse.equinox.p2.directorywatcher",1313065108773
started,bundle,org.eclipse.equinox.p2.repository,2.0.1.R36x_v20100823,"org.eclipse.equinox.p2.repository",1313065108775
started,bundle,org.eclipse.equinox.p2.updatechecker,1.1.101.R36x_v20100823,"org.eclipse.equinox.p2.updatechecker",1313065108775
started,bundle,org.eclipse.jface,3.6.1.M20100825-0800,"org.eclipse.jface",1313065108780
started,bundle,org.eclipse.mylyn.bugzilla.core,3.4.2.v20100902-0100-e3x,"org.eclipse.mylyn.bugzilla.core",1313065108794
started,bundle,org.eclipse.mylyn.bugzilla.ui,3.4.2.v20100909-0100-e3x,"org.eclipse.mylyn.bugzilla.ui",1313065108797
started,bundle,org.eclipse.mylyn.commons.net,3.4.1.v20100625-2100-e3x,"org.eclipse.mylyn.commons.net",1313065108797
started,bundle,org.eclipse.mylyn.context.core,3.4.1.v20100909-0100-e3x,"org.eclipse.mylyn.context.core",1313065108802
started,bundle,org.eclipse.mylyn.team.ui,3.4.2.v20100909-0100-e3x,"org.eclipse.mylyn.team.ui",1313065108809
started,bundle,org.eclipse.team.core,3.5.100.R36x_v20100825-0800,"org.eclipse.team.core",1313065108818
started,bundle,org.eclipse.team.cvs.ui,3.3.301.R36x_v20100825-0800,"org.eclipse.team.cvs.ui",1313065108831
started,bundle,org.eclipse.team.ui,3.5.101.R36x_v20100825-0800,"org.eclipse.team.ui",1313065108836
started,bundle,org.eclipse.ui,3.6.1.M20100826-1330,"org.eclipse.ui",1313065108845
started,bundle,org.eclipse.ui.editors,3.6.1.r361_v20100825-0800,"org.eclipse.ui.editors",1313065108847
started,bundle,org.eclipse.ui.forms,3.5.2.r36_v20100702,"org.eclipse.ui.forms",1313065108849
started,bundle,org.eclipse.ui.ide,3.6.1.M20100825-0800,"org.eclipse.ui.ide",1313065108863
started,bundle,org.eclipse.ui.navigator.resources,3.4.201.M20100707-0800,"org.eclipse.ui.navigator.resources",1313065108868
started,bundle,org.eclipse.ui.workbench,3.6.1.M20100826-1330,"org.eclipse.ui.workbench",1313065108880
started,bundle,org.eclipse.ui.workbench.texteditor,3.6.1.r361_v20100714-0800,"org.eclipse.ui.workbench.texteditor",1313065108882
started,bundle,org.eclipse.update.core,3.2.402.R36x_v20100629,"org.eclipse.update.core",1313065108902
started,bundle,org.eclipse.cdt.core,5.2.1.201102110609,"org.eclipse.cdt.core",1313065108902
started,bundle,org.eclipse.cdt.make.core,7.0.1.201102110609,"org.eclipse.cdt.make.core",1313065108911
started,bundle,org.eclipse.cdt.make.ui,7.0.0.201102110609,"org.eclipse.cdt.make.ui",1313065108923
started,bundle,org.eclipse.cdt.managedbuilder.core,7.0.2.201102110609,"org.eclipse.cdt.managedbuilder.core",1313065108932
started,bundle,org.eclipse.cdt.ui,5.2.2.201102110609,"org.eclipse.cdt.ui",1313065108943
started,bundle,org.eclipse.dltk.core,2.0.0.v20100603-0936,"org.eclipse.dltk.core",1313065108958
started,bundle,org.eclipse.dltk.launching,2.0.0.v20100524-0038,"org.eclipse.dltk.launching",1313065108964
started,bundle,org.eclipse.dltk.rse.core,2.0.0.v20100115-2213,"org.eclipse.dltk.rse.core",1313065108968
started,bundle,org.eclipse.dltk.rse.ui,2.0.0.v20100115-2213,"org.eclipse.dltk.rse.ui",1313065108968
started,bundle,org.eclipse.dltk.ui,2.0.0.v20100603-0936,"org.eclipse.dltk.ui",1313065108981
started,bundle,org.eclipse.epp.usagedata.gathering,1.3.1.R201102081640,"org.eclipse.epp.usagedata.gathering",1313065108981
started,bundle,org.eclipse.epp.usagedata.recording,1.3.1.R201102081640,"org.eclipse.epp.usagedata.recording",1313065108982
started,bundle,org.eclipse.jdt.core,3.6.2.v_A76_R36x,"org.eclipse.jdt.core",1313065108996
started,bundle,org.eclipse.jdt.core.manipulation,1.3.0.v20100520-0800,"org.eclipse.jdt.core.manipulation",1313065109005
started,bundle,org.eclipse.jdt.ui,3.6.2.r362_v20110203,"org.eclipse.jdt.ui",1313065109030
started,bundle,org.eclipse.mylyn.context.ui,3.4.2.v20110131-0100-e3x,"org.eclipse.mylyn.context.ui",1313065109037
started,bundle,org.eclipse.mylyn.monitor.ui,3.4.1.v20110131-0100-e3x,"org.eclipse.mylyn.monitor.ui",1313065109037
started,bundle,org.eclipse.mylyn.tasks.ui,3.4.3.v20110131-0100-e3x,"org.eclipse.mylyn.tasks.ui",1313065109050
started,bundle,org.eclipse.rse.core,3.1.102.R32x_v201102011435,"org.eclipse.rse.core",1313065109059
started,bundle,org.eclipse.rse.services,3.2.2.R32x_v201102011435,"org.eclipse.rse.services",1313065109072
started,bundle,org.eclipse.rse.ui,3.1.102.R32x_v201102011435,"org.eclipse.rse.ui",1313065109085
os,sysinfo,,,"linux",1313065109088
arch,sysinfo,,,"x86",1313065109088
ws,sysinfo,,,"gtk",1313065109088
locale,sysinfo,,,"en_US",1313065109088
processors,sysinfo,,,"1",1313065109089
java.runtime.name,sysinfo,,,"OpenJDK Runtime Environment",1313065109089
java.runtime.version,sysinfo,,,"1.6.0_20-b20",1313065109089
java.specification.name,sysinfo,,,"Java Platform API Specification",1313065109089
java.specification.vendor,sysinfo,,,"Sun Microsystems Inc.",1313065109089
java.specification.version,sysinfo,,,"1.6",1313065109089
java.vendor,sysinfo,,,"Sun Microsystems Inc.",1313065109089
java.version,sysinfo,,,"1.6.0_20",1313065109089
java.vm.info,sysinfo,,,"mixed mode, sharing",1313065109089
java.vm.name,sysinfo,,,"OpenJDK Client VM",1313065109089
java.vm.specification.name,sysinfo,,,"Java Virtual Machine Specification",1313065109089
java.vm.specification.vendor,sysinfo,,,"Sun Microsystems Inc.",1313065109089
java.vm.specification.version,sysinfo,,,"1.0",1313065109089
java.vm.vendor,sysinfo,,,"Sun Microsystems Inc.",1313065109089
java.vm.version,sysinfo,,,"19.0-b09",1313065109089
activated,workbench,org.eclipse.ui.workbench,3.6.1.M20100826-1330,"",1313065334725
started,bundle,net.sf.eclipsefp.ocaml.ui,0.1.0,"net.sf.eclipsefp.ocaml.ui",1313065346004
started,bundle,org.eclipse.compare.core,3.5.100.I20100526-0800,"org.eclipse.compare.core",1313065346736
opened,editor,net.sf.eclipsefp.ocaml.ui,0.1.0,"net.sf.eclipsefp.ocaml.ui.editor.OCamlEditor",1313065346780
activated,editor,net.sf.eclipsefp.ocaml.ui,0.1.0,"net.sf.eclipsefp.ocaml.ui.editor.OCamlEditor",1313065346852
activated,view,org.eclipse.ui.navigator.resources,3.4.201.M20100707-0800,"org.eclipse.ui.navigator.ProjectExplorer",1313065346879
activated,editor,net.sf.eclipsefp.ocaml.ui,0.1.0,"net.sf.eclipsefp.ocaml.ui.editor.OCamlEditor",1313065347972
activated,view,org.eclipse.ui.navigator.resources,3.4.201.M20100707-0800,"org.eclipse.ui.navigator.ProjectExplorer",1313065359233
closed,editor,net.sf.eclipsefp.ocaml.ui,0.1.0,"net.sf.eclipsefp.ocaml.ui.editor.OCamlEditor",1313065359234
deactivated,workbench,org.eclipse.ui.workbench,3.6.1.M20100826-1330,"",1313065365416
activated,workbench,org.eclipse.ui.workbench,3.6.1.M20100826-1330,"",1313065378134
opened,editor,org.eclipse.ui.editors,3.6.1.r361_v20100825-0800,"org.eclipse.ui.DefaultTextEditor",1313065388106
activated,editor,org.eclipse.ui.editors,3.6.1.r361_v20100825-0800,"org.eclipse.ui.DefaultTextEditor",1313065388134
activated,view,org.eclipse.ui.navigator.resources,3.4.201.M20100707-0800,"org.eclipse.ui.navigator.ProjectExplorer",1313065388155
opened,editor,org.eclipse.ui.editors,3.6.1.r361_v20100825-0800,"org.eclipse.ui.DefaultTextEditor",1313065389530
activated,editor,org.eclipse.ui.editors,3.6.1.r361_v20100825-0800,"org.eclipse.ui.DefaultTextEditor",1313065389568
activated,view,org.eclipse.ui.navigator.resources,3.4.201.M20100707-0800,"org.eclipse.ui.navigator.ProjectExplorer",1313065389579
activated,editor,org.eclipse.ui.editors,3.6.1.r361_v20100825-0800,"org.eclipse.ui.DefaultTextEditor",1313065391470
activated,editor,org.eclipse.ui.editors,3.6.1.r361_v20100825-0800,"org.eclipse.ui.DefaultTextEditor",1313065391495
closed,editor,org.eclipse.ui.editors,3.6.1.r361_v20100825-0800,"org.eclipse.ui.DefaultTextEditor",1313065391496
activated,view,org.eclipse.ui.navigator.resources,3.4.201.M20100707-0800,"org.eclipse.ui.navigator.ProjectExplorer",1313065393264
closed,editor,org.eclipse.ui.editors,3.6.1.r361_v20100825-0800,"org.eclipse.ui.DefaultTextEditor",1313065393264
opened,editor,net.sf.eclipsefp.ocaml.ui,0.1.0,"net.sf.eclipsefp.ocaml.ui.editor.OCamlEditor",1313065394718
activated,editor,net.sf.eclipsefp.ocaml.ui,0.1.0,"net.sf.eclipsefp.ocaml.ui.editor.OCamlEditor",1313065394739
activated,view,org.eclipse.ui.navigator.resources,3.4.201.M20100707-0800,"org.eclipse.ui.navigator.ProjectExplorer",1313065394757
activated,editor,net.sf.eclipsefp.ocaml.ui,0.1.0,"net.sf.eclipsefp.ocaml.ui.editor.OCamlEditor",1313065395776
activated,view,org.eclipse.ui.navigator.resources,3.4.201.M20100707-0800,"org.eclipse.ui.navigator.ProjectExplorer",1313065404789
opened,editor,net.sf.eclipsefp.ocaml.ui,0.1.0,"net.sf.eclipsefp.ocaml.ui.editor.OCamlEditor",1313065405064
activated,editor,net.sf.eclipsefp.ocaml.ui,0.1.0,"net.sf.eclipsefp.ocaml.ui.editor.OCamlEditor",1313065405136
activated,view,org.eclipse.ui.navigator.resources,3.4.201.M20100707-0800,"org.eclipse.ui.navigator.ProjectExplorer",1313065405155
activated,editor,net.sf.eclipsefp.ocaml.ui,0.1.0,"net.sf.eclipsefp.ocaml.ui.editor.OCamlEditor",1313065409969
activated,editor,net.sf.eclipsefp.ocaml.ui,0.1.0,"net.sf.eclipsefp.ocaml.ui.editor.OCamlEditor",1313065409991
closed,editor,net.sf.eclipsefp.ocaml.ui,0.1.0,"net.sf.eclipsefp.ocaml.ui.editor.OCamlEditor",1313065409991
activated,view,org.eclipse.ui.navigator.resources,3.4.201.M20100707-0800,"org.eclipse.ui.navigator.ProjectExplorer",1313149545251
started,bundle,org.eclipse.search,3.6.0.v20100520-0800,"org.eclipse.search",1313149559437
opened,editor,org.eclipse.cdt.ui,5.2.2.201102110609,"org.eclipse.cdt.ui.editor.CEditor",1313149559828
activated,editor,org.eclipse.cdt.ui,5.2.2.201102110609,"org.eclipse.cdt.ui.editor.CEditor",1313149559997
activated,view,org.eclipse.ui.navigator.resources,3.4.201.M20100707-0800,"org.eclipse.ui.navigator.ProjectExplorer",1313149560028
opened,editor,org.eclipse.cdt.ui,5.2.2.201102110609,"org.eclipse.cdt.ui.editor.CEditor",1313149569188
activated,editor,org.eclipse.cdt.ui,5.2.2.201102110609,"org.eclipse.cdt.ui.editor.CEditor",1313149569252
activated,view,org.eclipse.ui.navigator.resources,3.4.201.M20100707-0800,"org.eclipse.ui.navigator.ProjectExplorer",1313149569266
opened,editor,org.eclipse.cdt.ui,5.2.2.201102110609,"org.eclipse.cdt.ui.editor.CEditor",1313149577492
activated,editor,org.eclipse.cdt.ui,5.2.2.201102110609,"org.eclipse.cdt.ui.editor.CEditor",1313149577557
activated,view,org.eclipse.ui.navigator.resources,3.4.201.M20100707-0800,"org.eclipse.ui.navigator.ProjectExplorer",1313149577576
